0.312243,0.58034,0,0,0.312243,0.58034,0.6,0.6,5.19994,0
0.733813,0.628253,6.57317,2.31021e-16,1.01489,0.554329,0.859997,0.600045,5.19975,0.00179686
1.10431,0.529573,6.09124,-2.6172,1.17385,0.481073,1.11998,0.600225,5.19943,0.00538996
1.25772,0.541545,6.49311,-0.951329,1.04751,0.38924,1.37996,0.600629,5.19898,0.0107781
1.60921,0.537328,6.52952,-0.498019,1.65063,0.62469,1.6399,0.601347,5.19839,0.0179597
1.84331,0.553707,5.80873,-0.222943,1.6983,0.29828,1.89982,0.60247,5.19766,0.0269323
2.15035,0.568459,5.80479,-0.0810534,2.18882,0.648739,2.1597,0.604086,5.19678,0.0376932
2.3623,0.630145,5.40876,0.359255,2.04438,0.276002,2.41954,0.606284,5.19573,0.0502389
2.63635,0.65289,5.41038,0.421875,2.65526,0.66598,2.67932,0.609155,5.1945,0.0645654
2.90211,0.654179,5.38425,0.301387,2.99092,0.217668,2.93904,0.612786,5.19309,0.080668
3.13476,0.661615,5.33282,0.306438,3.01222,0.637046,3.19869,0.617267,5.19147,0.0985415
3.42376,0.559229,5.3632,-0.495071,3.59388,0.135452,3.45825,0.622685,5.18963,0.11818
3.73281,0.454371,5.35698,-1.14464,3.89365,0.311793,3.71772,0.62913,5.18754,0.139576
4.01125,0.532917,5.47107,-0.493676,4.25555,0.16484,3.97708,0.636689,5.18519,0.162724
4.2871,0.530739,5.46967,-0.442694,4.30935,0.578564,4.23632,0.645449,5.18256,0.187614
4.54449,0.574332,5.35991,-0.180391,4.67026,0.14818,4.49542,0.655498,5.17962,0.214238
4.72001,0.689953,5.13573,0.376128,4.35143,0.899174,4.75437,0.666921,5.17634,0.242587
4.97343,0.687569,5.053,0.310355,5.25142,0.127163,5.01315,0.679804,5.1727,0.272649
5.28023,0.679764,5.15983,0.230437,5.51894,0.648233,5.27175,0.694234,5.16867,0.304413
5.53801,0.686241,5.24605,0.23267,5.26729,0.121683,5.53013,0.710295,5.16422,0.337868
5.83998,0.698139,5.31965,0.238136,6.022,0.708619,5.78828,0.728072,5.15932,0.372999
6.08071,0.626934,5.16698,-0.043504,5.90575,0.0633,6.04618,0.747647,5.15393,0.409793
6.33457,0.735852,5.14871,0.313393,6.34249,0.948833,6.30379,0.769103,5.14803,0.448233
6.5844,0.768624,5.09337,0.379836,6.67392,0.125614,6.5611,0.792523,5.14157,0.488305
6.82933,0.76393,5.07912,0.328293,6.78214,0.714036,6.81808,0.817988,5.13452,0.52999
7.07236,0.749632,4.94119,0.246185,7.31844,0.0862923,7.07469,0.845578,5.12685,0.573269
7.28347,0.828721,4.86666,0.439623,7.13735,0.957217,7.3309,0.875373,5.11851,0.618123
7.58332,0.842338,5.12479,0.44897,8.12494,0.101047,7.58668,0.907449,5.10946,0.664531
7.83497,0.818525,5.12018,0.342301,7.80533,0.719126,7.84199,0.941886,5.09966,0.712469
8.08551,0.837719,5.00318,0.350696,8.45095,0.104862,8.0968,0.978759,5.08907,0.761915
8.31971,0.851825,4.97378,0.354421,8.24796,0.840322,8.35106,1.01814,5.07766,0.812843
8.59099,0.939509,5.17326,0.558998,8.57549,0.165312,8.60472,1.06011,5.06537,0.865226
8.82948,0.995041,5.12955,0.6503,8.74615,1.04858,8.85775,1.10473,5.05216,0.919037
9.12587,1.03532,5.20975,0.696591,9.94666,0.115056,9.1101,1.15208,5.03798,0.974245
9.36273,1.06581,5.16372,0.711889,9.25579,1.04913,9.36172,1.20223,5.0228,1.03082
9.64659,1.13931,5.22452,0.834286,10.216,0.14981,9.61255,1.25524,5.00656,1.08873
9.92865,1.26394,5.24128,1.06975,10.0484,1.44598,9.86254,1.31118,4.98922,1.14794
10.1776,1.35078,5.05518,1.16495,10.6781,0.162309,10.1117,1.37011,4.97074,1.20841
10.3963,1.42887,4.97759,1.25269,10.2492,1.45907,10.3598,1.4321,4.95106,1.2701
10.6285,1.50674,4.78587,1.3028,11.0406,0.154906,10.6069,1.49721,4.93014,1.33298
10.8446,1.53732,4.7369,1.27107,10.7313,1.45265,10.853,1.56549,4.90794,1.39701
11.1145,1.59015,4.85938,1.30829,11.5668,0.123838,11.0979,1.637,4.8844,1.46213
11.3993,1.63921,4.92831,1.31483,11.587,1.61462,11.3416,1.71179,4.85948,1.52832
11.6281,1.69368,4.83946,1.31782,11.5791,0.133321,11.584,1.78992,4.83313,1.59551
11.8533,1.75763,4.79862,1.35125,11.7788,1.74591,11.8251,1.87144,4.80531,1.66366
12.1117,1.84889,4.90938,1.46607,12.3248,0.175289,12.0647,1.95639,4.77598,1.73273
12.3532,1.87918,4.89661,1.40616,12.3226,1.78353,12.3029,2.04482,4.74508,1.80265
12.6096,1.94249,4.9834,1.44196,12.6709,0.140728,12.5394,2.13677,4.71257,1.87338
12.8061,2.07326,4.86625,1.61395,12.5924,2.17509,12.7743,2.23227,4.67842,1.94485
13.0768,2.18544,4.99867,1.75914,13.4856,0.198883,13.0075,2.33137,4.64258,2.01701
13.2791,2.32411,4.88132,1.92296,13.0875,2.40708,13.2388,2.43409,4.605,2.08981
13.4531,2.45881,4.57042,2.00944,13.0871,0.241065,13.4682,2.54047,4.56565,2.16317
13.7073,2.57773,4.58865,2.11131,13.836,2.62479,13.6955,2.65053,4.52448,2.23703
13.9269,2.687,4.52489,2.16958,14.0988,0.19551,13.9208,2.7643,4.48147,2.31134
14.1587,2.84325,4.49474,2.33739,14.2106,2.94205,14.1439,2.88179,4.43656,2.38601
14.4102,2.96002,4.60884,2.43775,14.8371,0.194676,14.3646,3.00303,4.38974,2.46099
14.6119,3.03021,4.53699,2.37461,14.4616,2.90734,14.583,3.12802,4.34097,2.5362
14.8445,3.18911,4.57183,2.54994,15.2004,0.263587,14.7989,3.25679,4.29021,2.61157
15.0571,3.38285,4.48833,2.76373,15.0261,3.5067,15.0122,3.38932,4.23744,2.68703
15.2699,3.54734,4.3426,2.85619,15.9183,0.263598,15.2228,3.52563,4.18263,2.76249
15.4876,3.73684,4.28294,3.0322,15.5236,3.82936,15.4306,3.66572,4.12575,2.83789
15.6975,3.87022,4.21807,3.05213,16.089,0.213597,15.6355,3.80957,4.06678,2.91315
15.9209,4.01382,4.19548,3.09991,15.9774,4.00094,15.8375,3.95719,4.00571,2.98817
16.1185,4.16863,4.03022,3.11446,16.8729,0.252565,16.0363,4.10854,3.94251,3.0629
16.316,4.36566,3.95968,3.27356,16.3313,4.44499,16.2319,4.26363,3.87716,3.13723
16.5274,4.531,3.94582,3.35553,17.3477,0.261345,16.4242,4.42242,3.80966,3.21109
16.7014,4.69636,3.84736,3.41297,16.6039,4.67344,16.613,4.5849,3.74,3.28438
16.8591,4.86853,3.57103,3.38113,17.6757,0.292764,16.7983,4.75103,3.66817,3.35704
17.0204,5.09859,3.45798,3.57934,16.9955,5.21099,16.9799,4.92077,3.59416,3.42897
17.1924,5.25757,3.37919,3.59091,17.9537,0.261769,17.1579,5.09409,3.51797,3.50008
17.346,5.44075,3.28138,3.66062,17.2894,5.43542,17.3319,5.27094,3.4396,3.57028
17.5046,5.59531,3.1843,3.63967,18.2733,0.262734,17.5019,5.45128,3.35907,3.63949
17.6925,5.72188,3.18273,3.57854,17.7853,5.62476,17.6679,5.63506,3.27637,3.70762
17.8423,5.90337,3.05399,3.60082,18.9222,0.326645,17.8297,5.82221,3.19151,3.77458
18.0145,6.10644,3.01946,3.70883,18.1263,6.16985,17.9872,6.01269,3.10453,3.84027
18.168,6.30945,2.96458,3.81223,19.3547,0.35846,18.1402,6.20641,3.01542,3.90462
18.2871,6.55891,2.82027,3.99475,18.2164,6.66138,18.2888,6.40332,2.92421,3.96753
18.4221,6.76646,2.71176,4.05251,19.6966,0.364545,18.4328,6.60333,2.83093,4.0289
18.5638,6.90175,2.6671,3.95367,18.5422,6.76013,18.572,6.80638,2.7356,4.08867
18.7143,7.11102,2.67222,4.07532,20.1556,0.367622,18.7064,7.01237,2.63825,4.14672
18.9122,7.25556,2.73745,3.9897,19.1441,7.18344,18.8359,7.22122,2.53893,4.20299
19.004,7.44048,2.51668,3.92548,19.9701,0.379671,18.9604,7.43283,2.43767,4.25737
19.0916,7.72019,2.3528,4.15105,19.0138,7.8688,19.0798,7.64712,2.3345,4.3098
19.214,7.92407,2.3011,4.20323,20.7779,0.37828,19.1939,7.86397,2.22949,4.36017
19.2877,8.14461,2.1426,4.26438,19.132,8.12845,19.3028,8.08329,2.12266,4.40842
19.385,8.35375,2.07819,4.33218,20.7048,0.405728,19.4062,8.30497,2.01409,4.45445
19.4743,8.49365,1.99728,4.19661,19.347,8.30741,19.5042,8.5289,1.90381,4.49819
19.5699,8.69377,1.90373,4.19515,21.3856,0.401578,19.5966,8.75494,1.7919,4.53956
19.7334,8.87819,1.96051,4.17633,20.0039,8.8906,19.6835,8.983,1.67841,4.57848
19.8128,9.09,1.81959,4.16975,21.7806,0.450652,19.7645,9.21294,1.56341,4.61488
19.9438,9.33446,1.81074,4.28341,20.1574,9.45949,19.8398,9.44463,1.44697,4.64869
19.9964,9.5395,1.60652,4.20941,21.9129,0.461931,19.9093,9.67795,1.32916,4.67984
20.081,9.79592,1.52141,4.34093,20.1573,9.90876,19.9728,9.91275,1.21005,4.70826
20.1407,10.0497,1.41661,4.47939,22.3983,0.541745,20.0303,10.1489,1.08972,4.73389
20.1865,10.3394,1.25209,4.65082,20.166,10.4687,20.0818,10.3863,0.968259,4.75666
20.206,10.5646,1.02736,4.58449,22.4479,0.502078,20.1271,10.6247,0.845742,4.77652
20.2636,10.8549,0.906699,4.74385,20.371,11.0109,20.1663,10.864,0.722256,4.7934
20.2888,11.1182,0.753608,4.83008,23.0204,0.565755,20.1993,11.1041,0.597892,4.80727
20.3226,11.3567,0.637924,4.83964,20.3164,11.3483,20.2261,11.3449,0.472738,4.81807
20.2762,11.5885,0.301009,4.6879,22.776,0.567455,20.2466,11.5861,0.346889,4.82575
20.3506,11.8348,0.284886,4.72835,20.6141,11.9422,20.2608,11.8275,0.220439,4.83027
20.3678,12.0738,0.224041,4.8263,23.2786,0.540021,20.2687,12.0692,0.093487,4.83159
20.3499,12.3763,0.019749,4.96606,20.3263,12.4966,20.2701,12.3108,-0.0338694,4.82968
20.3053,12.6041,-0.232986,4.82071,23.5919,0.557529,20.2652,12.5522,-0.161529,4.82451
20.3335,12.8421,-0.281503,4.8106,20.498,12.8924,20.254,12.7933,-0.28939,4.81605
20.3253,13.0654,-0.39149,4.74812,24.2413,0.530035,20.2363,13.0339,-0.417348,4.80428
20.2887,13.27,-0.526149,4.66304,20.1943,13.1688,20.2122,13.2738,-0.545298,4.78918
20.2497,13.5009,-0.658623,4.66374,24.0255,0.59787,20.1818,13.5129,-0.673135,4.77072
20.2258,13.7719,-0.781614,4.73109,20.3245,13.8896,20.1449,13.7509,-0.800753,4.74892
20.1747,13.9913,-0.92933,4.64214,24.4284,0.587035,20.1017,13.9878,-0.928043,4.72374
20.1139,14.2578,-1.09798,4.69275,20.1216,14.337,20.0521,14.2233,-1.0549,4.69521
20.041,14.4838,-1.25013,4.64566,24.3813,0.632018,19.9962,14.4573,-1.18121,4.66331
19.923,14.7501,-1.50517,4.68215,19.781,14.773,19.934,14.6897,-1.30687,4.62805
19.8541,14.9644,-1.58938,4.63199,24.5168,0.60859,19.8655,14.9202,-1.43177,4.58944
19.8315,15.1748,-1.58646,4.54351,20.0208,15.2053,19.7908,15.1486,-1.55581,4.54751
19.7151,15.374,-1.81842,4.30203,25.2206,0.654048,19.7099,15.3749,-1.67887,4.50226
19.6968,15.55,-1.77697,4.16376,19.9131,15.554,19.6229,15.5989,-1.80085,4.45372
19.61,15.7432,-1.8747,4.08777,25.0031,0.647734,19.5298,15.8203,-1.92164,4.40193
19.4975,15.9684,-2.03543,4.08148,19.4748,16.0098,19.4307,16.039,-2.04114,4.3469
19.3957,16.1711,-2.12784,4.0598,24.9602,0.695945,19.3257,16.2549,-2.15925,4.28868
19.2838,16.3477,-2.23009,3.94564,19.238,16.2719,19.2148,16.4679,-2.27586,4.22731
19.1722,16.5378,-2.33351,3.86481,25.3368,0.698647,19.0981,16.6777,-2.39087,4.16284
19.0293,16.7656,-2.51183,3.87611,19.0029,16.8387,18.9757,16.8841,-2.50418,4.0953
18.8795,16.9597,-2.70996,3.73275,25.8559,0.754598,18.8477,17.0872,-2.61571,4.02476
18.6845,17.2243,-2.99574,3.81413,18.6148,17.3832,18.7142,17.2866,-2.72534,3.95127
18.5756,17.4271,-2.96426,3.83234,25.3807,0.735616,18.5752,17.4822,-2.83299,3.87489
18.3448,17.6301,-3.24837,3.77432,18.1023,17.5529,18.4309,17.674,-2.93858,3.79568
18.2023,17.8234,-3.27097,3.7461,25.2941,0.763391,18.2814,17.8617,-3.042,3.71372
18.0797,18.0019,-3.27483,3.64205,18.2094,18.0461,18.1268,18.0453,-3.14318,3.62906
17.906,18.1555,-3.38885,3.47331,25.3208,0.762942,17.9671,18.2246,-3.24204,3.5418
17.7913,18.2805,-3.33481,3.27979,17.9018,18.2183,17.8026,18.3994,-3.3385,3.45199
17.6656,18.4577,-3.3277,3.23104,26.1624,0.765956,17.6334,18.5697,-3.43247,3.35973
17.457,18.6516,-3.51486,3.21948,17.3845,18.7039,17.4595,18.7353,-3.5239,3.26509
17.2806,18.7889,-3.59071,3.0723,25.368,0.793358,17.281,18.8962,-3.61271,3.16817
17.1264,18.9181,-3.60006,2.92926,17.1762,18.8863,17.0983,19.0521,-3.69883,3.06904
16.9601,19.09,-3.64831,2.89943,26.0053,0.861368,16.9113,19.203,-3.78221,2.9678
16.7354,19.2051,-3.79156,2.75235,16.5734,19.052,16.7201,19.3488,-3.86278,2.86455
16.5438,19.364,-3.88355,2.69584,25.889,0.896317,16.5251,19.4894,-3.9405,2.75938
16.3029,19.5385,-4.07545,2.68092,16.2338,19.6171,16.3262,19.6246,-4.01531,2.65237
16.0809,19.6173,-4.16836,2.44851,24.5786,0.838291,16.1237,19.7545,-4.08716,2.54364
15.8739,19.7655,-4.24527,2.38979,15.9243,19.8703,15.9176,19.8789,-4.15602,2.43329
15.6877,19.8839,-4.19938,2.31129,25.1552,0.869372,15.7082,19.9978,-4.22185,2.32141
15.4457,20.0476,-4.35226,2.30724,15.4332,20.1836,15.4956,20.111,-4.28461,2.2081
15.2251,20.1986,-4.41846,2.28766,25.7265,0.978244,15.2799,20.2185,-4.34427,2.09347
15.0512,20.3233,-4.37145,2.20384,15.2016,20.4385,15.0613,20.3203,-4.4008,1.97763
14.8182,20.406,-4.45219,2.04087,24.8149,0.934393,14.84,20.4162,-4.4542,1.86068
14.6071,20.5239,-4.48176,1.96835,14.6665,20.6088,14.6161,20.5063,-4.50443,1.74272
14.364,20.6169,-4.59296,1.83737,25.1535,0.988122,14.3897,20.5904,-4.55149,1.62386
14.1184,20.6862,-4.66046,1.68411,14.0521,20.5924,14.1611,20.6686,-4.59537,1.50421
13.8767,20.762,-4.73972,1.53927,25.0236,0.985547,13.9304,20.7408,-4.63606,1.38386
13.5951,20.8251,-4.87126,1.39273,13.4686,20.7253,13.6977,20.807,-4.67357,1.26294
13.3413,20.8616,-4.96636,1.16533,24.6656,0.975748,13.4632,20.8671,-4.70789,1.14153
13.1047,20.895,-4.95745,0.983824,13.1072,20.8294,13.2271,20.9211,-4.73904,1.01975
12.8717,20.956,-4.95264,0.875308,24.9733,1.01073,12.9895,20.969,-4.76702,0.897694
12.6983,20.9897,-4.8032,0.727178,12.8729,21.0592,12.7506,21.0108,-4.79186,0.775469
12.438,21.0346,-4.88648,0.605862,24.5425,1.08233,12.5106,21.0465,-4.81358,0.653175
12.1937,21.0714,-4.9063,0.486756,12.2062,21.11,12.2695,21.0761,-4.83219,0.530912
11.955,21.0926,-4.92329,0.337332,24.4724,1.04012,12.0276,21.0996,-4.84773,0.408778
11.7192,21.0552,-4.88117,0.102572,11.6814,20.8651,11.785,21.117,-4.86022,0.286869
11.4706,21.0404,-4.88949,-0.0756224,23.6708,1.0622,11.5418,21.1283,-4.86971,0.165281
11.2682,21.0305,-4.7887,-0.221497,11.363,21.0688,11.2982,21.1335,-4.87623,0.0441057
11.0092,20.9901,-4.81889,-0.419327,23.1085,1.09641,11.0544,21.1327,-4.87982,-0.076565
10.8114,20.9485,-4.69861,-0.591454,10.8903,20.927,10.8105,21.1259,-4.88053,-0.196643
10.5681,20.9407,-4.6304,-0.643968,23.3261,1.16045,10.5666,21.1131,-4.8784,-0.31604
10.2673,20.9798,-4.79881,-0.646927,10.189,21.209,10.3229,21.0943,-4.87349,-0.434674
10.0321,20.9608,-4.76872,-0.74174,23.5158,1.13252,10.0795,21.0697,-4.86585,-0.552463
9.85681,20.9191,-4.60412,-0.87055,9.99634,20.9797,9.83658,21.0391,-4.85554,-0.669327
9.63858,20.9006,-4.48274,-0.891487,23.102,1.15259,9.59422,21.0028,-4.84262,-0.785189
9.45471,20.8499,-4.367,-1.0114,9.53921,20.8762,9.35258,20.9607,-4.82714,-0.899977
9.24679,20.8047,-4.33453,-1.12072,23.0793,1.14018,9.11177,20.9128,-4.80919,-1.01362
8.91753,20.7824,-4.57355,-1.17351,8.70331,20.8221,8.87192,20.8594,-4.78881,-1.12605
8.71248,20.6999,-4.49266,-1.33248,22.3004,1.11349,8.63315,20.8003,-4.76608,-1.2372
8.40889,20.6177,-4.63647,-1.47501,8.22277,20.4839,8.39557,20.7358,-4.74108,-1.34701
8.18005,20.5388,-4.59866,-1.60012,22.1131,1.1862,8.1593,20.6657,-4.71387,-1.45542
7.92962,20.4589,-4.608,-1.71112,7.88599,20.45,7.92445,20.5903,-4.68453,-1.56237
7.71315,20.3777,-4.57462,-1.84508,22.2583,1.18911,7.69111,20.5096,-4.65313,-1.66781
7.37548,20.3225,-4.79604,-1.88491,7.18029,20.392,7.45939,20.4237,-4.61975,-1.7717
7.13722,20.2278,-4.72974,-1.97084,21.333,1.2319,7.22939,20.3326,-4.58448,-1.87399
6.86887,20.1436,-4.76634,-2.04616,6.81542,20.1859,7.00119,20.2364,-4.54738,-1.97462
6.64219,20.054,-4.67708,-2.09859,21.3,1.24122,6.7749,20.1352,-4.50854,-2.07357
6.39886,19.9612,-4.65989,-2.17295,6.38914,20.0137,6.55059,20.0292,-4.46805,-2.17079
6.1836,19.8708,-4.57948,-2.23248,21.2882,1.2518,6.32834,19.9183,-4.42598,-2.26625
5.9191,19.7764,-4.62273,-2.29371,5.86119,19.8306,6.10823,19.8027,-4.38241,-2.35993
5.67235,19.6344,-4.65236,-2.48755,20.2062,1.30633,5.89034,19.6824,-4.33744,-2.45178
5.52549,19.5089,-4.40091,-2.57756,5.69089,19.5755,5.67472,19.5577,-4.29114,-2.5418
5.32252,19.3596,-4.3115,-2.72041,19.8966,1.26707,5.46145,19.4284,-4.24359,-2.62995
5.1205,19.2603,-4.23184,-2.74604,5.17021,19.4397,5.25059,19.2948,-4.19488,-2.71622
4.94502,19.1474,-4.05901,-2.74252,20.175,1.27537,5.04219,19.157,-4.1451,-2.80059
4.79624,18.9976,-3.87482,-2.84158,4.89149,18.982,4.8363,19.015,-4.09432,-2.88305
4.58069,18.8481,-3.89893,-2.99223,19.458,1.36444,4.63297,18.8689,-4.04263,-2.96359
4.41049,18.7193,-3.7823,-3.03705,4.4685,18.834,4.43224,18.7188,-3.99012,-3.0422
4.24184,18.5739,-3.63812,-3.06192,19.0503,1.32192,4.23416,18.5648,-3.93685,-3.11888
4.12864,18.4239,-3.41816,-3.12184,4.26269,18.481,4.03876,18.4071,-3.88293,-3.19362
3.92857,18.2562,-3.51569,-3.37795,19.1444,1.39096,3.84606,18.2457,-3.82841,-3.26644
3.65179,18.1096,-3.67338,-3.43029,3.45919,18.167,3.65611,18.0807,-3.77339,-3.33732
3.5013,17.9589,-3.48042,-3.38886,18.4355,1.33532,3.46891,17.9122,-3.71795,-3.40627
3.2604,17.7868,-3.56336,-3.47284,3.12525,17.7493,3.28449,17.7402,-3.66215,-3.47331
3.06725,17.6058,-3.57318,-3.63225,18.0842,1.42336,3.10287,17.565,-3.60609,-3.53844
2.89856,17.4932,-3.49295,-3.57424,2.9449,17.8154,2.92405,17.3866,-3.54982,-3.60167
2.74057,17.2789,-3.43414,-3.81046,17.3991,1.38194,2.74805,17.2051,-3.49344,-3.66302
2.5651,17.0871,-3.36476,-3.88433,2.55407,17.0853,2.57486,17.0205,-3.437,-3.72251
2.41022,16.9202,-3.19591,-3.77879,17.0798,1.42091,2.4045,16.833,-3.38059,-3.78014
2.25054,16.7488,-3.12528,-3.80978,2.25371,16.8334,2.23695,16.6427,-3.32428,-3.83595
2.07798,16.5473,-3.05367,-3.82753,16.1262,1.47283,2.07221,16.4497,-3.26812,-3.88995
1.91891,16.3105,-2.9883,-3.96956,1.88972,16.1054,1.91027,16.254,-3.21219,-3.94216
1.77368,16.1342,-2.87377,-3.91533,16.3618,1.46403,1.75112,16.0557,-3.15656,-3.99261
1.56571,15.9671,-2.95299,-3.92456,1.44745,16.0853,1.59474,15.8549,-3.10129,-4.04132
1.42553,15.7362,-2.91005,-4.14139,15.6357,1.46766,1.44111,15.6517,-3.04644,-4.08832
1.24935,15.5116,-2.90557,-4.22999,1.18395,15.4284,1.29021,15.4463,-2.99207,-4.13364
1.0946,15.3199,-2.84086,-4.2019,15.5501,1.51746,1.14201,15.2386,-2.93825,-4.1773
0.875043,15.0932,-2.95283,-4.28621,0.722706,15.0075,0.996486,15.0288,-2.88503,-4.21933
0.742184,14.9159,-2.82074,-4.16708,15.2483,1.5031,0.853604,14.8169,-2.83246,-4.25977
0.649508,14.7056,-2.64702,-4.20576,0.737301,14.7047,0.71333,14.603,-2.78061,-4.29864
0.527563,14.4637,-2.58453,-4.39058,14.2628,1.52014,0.575628,14.3872,-2.72952,-4.33598
0.349588,14.2368,-2.62696,-4.45495,0.253435,14.2029,0.440459,14.1696,-2.67925,-4.37181
0.206655,13.984,-2.62146,-4.67748,13.9605,1.57315,0.307779,13.9502,-2.62984,-4.40617
0.210069,13.7376,-2.22034,-4.71508,0.459172,13.6856,0.177545,13.7292,-2.58135,-4.43909
0.0967909,13.4954,-2.15179,-4.82982,13.6378,1.56695,0.0497099,13.5065,-2.53381,-4.47061
-0.0711728,13.259,-2.2054,-4.87455,-0.190344,13.2856,-0.0757753,13.2823,-2.48728,-4.50075
-0.185033,13.0429,-2.10614,-4.75832,13.1485,1.59172,-0.198962,13.0566,-2.44179,-4.52955
-0.173075,12.828,-1.75784,-4.72305,0.0462308,12.9301,-0.319903,12.8295,-2.39739,-4.55704
-0.283313,12.6009,-1.69407,-4.64347,12.3753,1.62616,-0.438654,12.6011,-2.35412,-4.58326
-0.403002,12.3669,-1.68743,-4.68682,-0.476482,12.3633,-0.555273,12.3714,-2.31202,-4.60823
-0.516091,12.1609,-1.66317,-4.62156,12.5584,1.64828,-0.669818,12.1404,-2.27111,-4.63198
-0.591648,11.9491,-1.57167,-4.61251,-0.582624,12.0386,-0.78235,11.9083,-2.23144,-4.65456
-0.710419,11.719,-1.58311,-4.62499,11.7183,1.67918,-0.892931,11.6751,-2.19304,-4.67598
-0.913851,11.4679,-1.79882,-4.69964,-1.17212,11.3988,-1.00163,11.4409,-2.15594,-4.69628
-1.00001,11.2431,-1.71069,-4.58693,10.9952,1.65196,-1.1085,11.2057,-2.12017,-4.71549
-1.18375,11.0146,-1.88527,-4.61532,-1.39289,11.0424,-1.21362,10.9695,-2.08575,-4.73364
-1.27184,10.7691,-1.8438,-4.76061,10.9783,1.68939,-1.31706,10.7324,-2.05273,-4.75075
-1.4082,10.5084,-1.90378,-4.82762,-1.49687,10.4198,-1.41889,10.4945,-2.02111,-4.76686
-1.50764,10.2424,-1.87861,-4.95179,10.147,1.72843,-1.51917,10.2559,-1.99093,-4.78198
-1.6008,10.0386,-1.82791,-4.88811,-1.61875,10.2374,-1.61797,10.0165,-1.96221,-4.79615
-1.68392,9.81222,-1.75608,-4.82693,10.0927,1.7297,-1.71539,9.77637,-1.93498,-4.80939
-1.75493,9.59813,-1.67026,-4.78881,-1.73381,9.71347,-1.81147,9.53564,-1.90924,-4.82172
-1.87655,9.3421,-1.72577,-4.91102,9.64457,1.80859,-1.90631,9.29431,-1.88502,-4.83316
-1.96432,9.03668,-1.68746,-5.0405,-1.93833,8.77028,-1.99998,9.05243,-1.86233,-4.84374
-2.041,8.82008,-1.61546,-4.90536,9.34188,1.78279,-2.09256,8.81003,-1.8412,-4.85347
-2.13933,8.56657,-1.61542,-4.94064,-2.1768,8.5411,-2.18412,8.56717,-1.82164,-4.86238
-2.27362,8.3078,-1.70478,-4.97798,8.61525,1.88451,-2.27474,8.32388,-1.80365,-4.87047
-2.3122,8.08204,-1.55552,-4.9338,-2.21875,8.15339,-2.3645,8.0802,-1.78726,-4.87778
-2.3635,7.87997,-1.44939,-4.83138,8.82103,1.83142,-2.45348,7.83617,-1.77248,-4.8843
-2.48413,7.62506,-1.52409,-4.88627,-2.59674,7.60288,-2.54177,7.59184,-1.75931,-4.89006
-2.63823,7.38996,-1.66791,-4.78461,8.00597,1.96604,-2.62944,7.34723,-1.74777,-4.89507
-2.74707,7.13063,-1.71063,-4.83849,-2.79865,7.064,-2.71658,7.10238,-1.73786,-4.89933
-2.80866,6.901,-1.63063,-4.86449,7.73077,1.9406,-2.80326,6.85734,-1.72958,-4.90286
-2.84046,6.70656,-1.48121,-4.7568,-2.74651,6.86867,-2.88957,6.61214,-1.72295,-4.90566
-2.88232,6.4952,-1.37597,-4.60355,6.86915,1.95532,-2.97559,6.36681,-1.71797,-4.90774
-2.93943,6.26028,-1.32324,-4.61609,-2.90217,6.22989,-3.0614,6.12139,-1.71464,-4.90911
-3.06721,6.00749,-1.44081,-4.71939,7.04054,2.09136,-3.14709,5.87592,-1.71297,-4.90976
-3.16042,5.72001,-1.47789,-4.84032,-3.1778,5.53101,-3.23274,5.63043,-1.71295,-4.9097
-3.26534,5.47173,-1.54213,-4.77715,6.09662,2.12286,-3.31843,5.38496,-1.71458,-4.90893
-3.37009,5.20176,-1.60251,-4.85886,-3.43031,5.10507,-3.40424,5.13955,-1.71787,-4.90745
-3.44182,4.95569,-1.5672,-4.88957,6.01823,2.17684,-3.49026,4.89422,-1.72281,-4.90525
-3.56984,4.66197,-1.68744,-5.0254,-3.69435,4.52196,-3.57657,4.64902,-1.72939,-4.90233
-3.67678,4.4064,-1.75779,-4.96747,5.45231,2.26901,-3.66325,4.40398,-1.73763,-4.89868
-3.82261,4.12272,-1.90982,-5.07638,-4.00238,4.04684,-3.75039,4.15913,-1.74749,-4.8943
-3.90319,3.88582,-1.85601,-5.06339,5.78015,2.35065,-3.83806,3.91452,-1.75899,-4.88918
-3.96719,3.66481,-1.77807,-4.97092,-3.88053,3.75177,-3.92635,3.67019,-1.77212,-4.8833
-4.0571,3.47612,-1.77953,-4.78831,5.75128,2.39906,-4.01533,3.42616,-1.78686,-4.87666
-4.14782,3.2327,-1.78779,-4.79842,-4.15119,3.21968,-4.10509,3.18248,-1.8032,-4.86925
-4.26655,2.97126,-1.88497,-4.83971,5.15539,2.54841,-4.19571,2.93919,-1.82113,-4.86104
-4.35947,2.68786,-1.90443,-4.93987,-4.32451,2.55034,-4.28727,2.69633,-1.84065,-4.85202
-4.4464,2.43883,-1.88534,-4.94417,4.9986,2.64081,-4.37985,2.45393,-1.86173,-4.84218
-4.55609,2.16622,-1.93095,-5.01857,-4.61223,2.09192,-4.47352,2.21205,-1.88436,-4.83149
-4.6587,1.93948,-2.00628,-4.93118,4.7059,2.71934,-4.56836,1.97072,-1.90853,-4.81994
-4.78102,1.65338,-2.07748,-5.04416,-4.86829,1.53442,-4.66444,1.72998,-1.93422,-4.80751
-4.90493,1.40002,-2.16808,-5.04872,5.18451,2.86092,-4.76186,1.48989,-1.9614,-4.79417
-4.95175,1.18332,-2.05651,-4.91228,-4.66779,1.28643,-4.86066,1.25049,-1.99007,-4.7799
-5.04428,0.980078,-2.03991,-4.78305,5.10777,2.92274,-4.96095,1.01182,-2.02019,-4.76468
-5.09531,0.76151,-1.95844,-4.69549,-4.85498,0.825661,-5.06277,0.77393,-2.05174,-4.74848
-5.19447,0.443645,-2.01521,-4.93322,4.85074,3.10427,-5.16621,0.536876,-2.08471,-4.73127
-5.26521,0.210842,-1.97189,-4.87779,-5.1231,0.257311,-5.27133,0.300706,-2.11906,-4.71303
-5.38018,-0.0197401,-1.97444,-4.82048,6.00513,3.19003,-5.3782,0.0654719,-2.15477,-4.69374
-5.44755,-0.249208,-1.92853,-4.77566,-5.29972,-0.212982,-5.4869,-0.168772,-2.1918,-4.67335
-5.5663,-0.415558,-2.01372,-4.60594,5.64632,-3.11599,-5.59748,-0.401971,-2.23014,-4.65185
-5.70396,-0.589684,-2.0996,-4.45926,-5.85359,-0.445801,-5.71001,-0.634069,-2.26974,-4.62919
-5.81537,-0.82896,-2.23315,-4.56894,5.35867,-3.00598,-5.82456,-0.865006,-2.31058,-4.60536
-5.91468,-1.1116,-2.23375,-4.69419,-5.87835,-1.26863,-5.94118,-1.09472,-2.35262,-4.58032
-6.00328,-1.3904,-2.21099,-4.79944,5.88279,-2.87871,-6.05993,-1.32316,-2.39581,-4.55404
-6.1464,-1.59593,-2.30079,-4.70305,-6.27263,-1.50938,-6.18087,-1.55025,-2.44014,-4.52648
-6.28549,-1.84836,-2.48052,-4.83355,6.36176,-2.86134,-6.30406,-1.77593,-2.48555,-4.49762
-6.39539,-2.10349,-2.48178,-4.85332,-6.34007,-2.13685,-6.42954,-2.00014,-2.532,-4.46742
-6.54774,-2.30315,-2.55063,-4.70161,7.32369,-2.84014,-6.55738,-2.22281,-2.57946,-4.43585
-6.70175,-2.51005,-2.64074,-4.60958,-6.79288,-2.4458,-6.68761,-2.44386,-2.62788,-4.40288
-6.85782,-2.72474,-2.73603,-4.55421,7.62876,-2.78321,-6.82029,-2.66323,-2.6772,-4.36847
-6.95107,-2.9979,-2.68181,-4.64941,-6.8003,-3.10086,-6.95546,-2.88084,-2.7274,-4.3326
-7.08036,-3.21898,-2.67093,-4.56505,7.83203,-2.71786,-7.09316,-3.09663,-2.7784,-4.29523
-7.20358,-3.40292,-2.69435,-4.44172,-7.12118,-3.26434,-7.23344,-3.3105,-2.83017,-4.25632
-7.35306,-3.65832,-2.74523,-4.49582,8.78236,-2.65716,-7.37632,-3.5224,-2.88265,-4.21586
-7.509,-3.77937,-2.8348,-4.22874,-7.49009,-3.49081,-7.52184,-3.73223,-2.93579,-4.1738
-7.65281,-3.98933,-2.90933,-4.22978,8.46643,-2.66525,-7.67004,-3.93992,-2.98953,-4.13012
-7.81108,-4.2218,-2.97095,-4.24844,-7.88049,-4.29783,-7.82094,-4.14538,-3.04381,-4.08479
-7.96341,-4.44172,-3.01004,-4.23072,9.29152,-2.62635,-7.97457,-4.34854,-3.09857,-4.03778
-8.13016,-4.68536,-3.07404,-4.27379,-8.22492,-4.79812,-8.13095,-4.5493,-3.15376,-3.98906
-8.27282,-4.88053,-2.99708,-4.10838,9.79884,-2.61129,-8.2901,-4.74759,-3.2093,-3.93862
-8.40344,-5.09556,-2.99313,-4.10838,-8.33552,-5.1059,-8.45204,-4.94331,-3.26514,-3.88641
-8.55141,-5.25044,-2.97737,-3.91555,9.80209,-2.63074,-8.61678,-5.13637,-3.32121,-3.83242
-8.74267,-5.45253,-3.09187,-3.89614,-8.91477,-5.51752,-8.78433,-5.32669,-3.37745,-3.77663
-8.90473,-5.64703,-3.13899,-3.86202,10.6846,-2.57959,-8.95469,-5.51417,-3.43377,-3.71901
-9.05831,-5.83104,-3.17031,-3.81388,-9.03391,-5.80267,-9.12788,-5.69872,-3.49012,-3.65955
-9.1966,-5.97512,-3.12714,-3.64146,10.3939,-2.59306,-9.30388,-5.88026,-3.54643,-3.59823
-9.36366,-6.06941,-3.1899,-3.42026,-9.30811,-5.82368,-9.4827,-6.05868,-3.60261,-3.53503
-9.54369,-6.25359,-3.30057,-3.43654,11.7165,-2.56253,-9.66432,-6.23389,-3.6586,-3.46994
-9.68293,-6.4656,-3.28684,-3.49051,-9.62547,-6.55958,-9.84874,-6.4058,-3.71431,-3.40295
-9.90845,-6.63208,-3.5235,-3.492,12.4184,-2.60434,-10.0359,-6.57431,-3.76969,-3.33404
-10.1144,-6.8044,-3.62484,-3.43634,-10.2246,-6.83402,-10.2259,-6.73933,-3.82463,-3.26321
-10.2992,-6.96515,-3.70397,-3.3903,12.2265,-2.56061,-10.4186,-6.90075,-3.87907,-3.19046
-10.5368,-7.15833,-3.84975,-3.3777,-10.7616,-7.29159,-10.614,-7.05849,-3.93293,-3.11577
-10.7414,-7.29887,-3.92403,-3.26235,12.8601,-2.58139,-10.8121,-7.21245,-3.98613,-3.03916
-10.9953,-7.47105,-4.08483,-3.20602,-11.2219,-7.56979,-11.0128,-7.36252,-4.03859,-2.96062
-11.1804,-7.60732,-4.03814,-3.05914,13.2295,-2.55065,-11.2161,-7.50862,-4.09021,-2.88015
-11.3226,-7.75668,-3.9634,-3.01374,-11.0934,-7.6776,-11.422,-7.65064,-4.14093,-2.79777
-11.515,-7.88148,-3.98241,-2.89657,13.6423,-2.56294,-11.6304,-7.78849,-4.19066,-2.71349
-11.6865,-7.98098,-3.97116,-2.75363,-11.5269,-7.8215,-11.8413,-7.92208,-4.23932,-2.6273
-11.8757,-8.09457,-3.92038,-2.59756,14.3095,-2.55814,-12.0546,-8.05131,-4.28682,-2.53924
-12.086,-8.18381,-3.98673,-2.45145,-12.09,-8.08828,-12.2702,-8.17609,-4.33309,-2.44932
-12.3174,-8.31335,-4.23077,-2.4835,14.807,-2.56912,-12.4881,-8.29633,-4.37802,-2.35756
-12.5178,-8.3938,-4.24922,-2.32741,-12.4231,-8.2599,-12.7082,-8.41193,-4.42156,-2.26399
-12.7178,-8.48293,-4.18474,-2.15697,15.153,-2.57023,-12.9304,-8.5228,-4.4636,-2.16863
-13.0062,-8.57907,-4.3777,-2.02951,-13.2911,-8.64594,-13.1547,-8.62886,-4.50407,-2.07151
-13.261,-8.68081,-4.54678,-1.96624,16.1868,-2.5908,-13.381,-8.73002,-4.54289,-1.97267
-13.4796,-8.72701,-4.56467,-1.77333,-13.384,-8.57583,-13.6092,-8.82619,-4.57997,-1.87214
-13.6847,-8.77437,-4.43744,-1.55161,15.9458,-2.59682,-13.8392,-8.91729,-4.61524,-1.76997
-13.9168,-8.884,-4.49128,-1.52272,-13.9959,-8.99264,-14.0709,-9.00324,-4.64861,-1.6662
-14.1783,-8.97055,-4.72951,-1.50052,16.9366,-2.59554,-14.3043,-9.08395,-4.68001,-1.56086
-14.4074,-9.08399,-4.74286,-1.49507,-14.4273,-9.1875,-14.5391,-9.15936,-4.70936,-1.45402
-14.6346,-9.15619,-4.7017,-1.38413,17.3041,-2.57238,-14.7754,-9.22939,-4.73658,-1.34573
-14.9267,-9.15586,-4.8405,-1.12039,-15.062,-9.04396,-15.013,-9.29397,-4.76161,-1.23603
-15.1917,-9.2286,-4.90323,-1.04373,18.3825,-2.58614,-15.2517,-9.35302,-4.78436,-1.125
-15.4673,-9.34707,-4.98373,-1.07669,-15.6682,-9.56749,-15.4916,-9.40649,-4.80476,-1.01269
-15.7043,-9.38282,-4.85114,-0.900701,18.4821,-2.6107,-15.7324,-9.45431,-4.82275,-0.899159
-15.9651,-9.46693,-4.90383,-0.882067,-16.0862,-9.59819,-15.9741,-9.49642,-4.83827,-0.784484
-16.2119,-9.48183,-4.85929,-0.704305,18.8168,-2.65166,-16.2164,-9.53277,-4.85124,-0.668734
-16.4586,-9.4728,-4.87936,-0.51149,-16.4229,-9.37029,-16.4594,-9.5633,-4.8616,-0.55198
-16.6638,-9.4803,-4.77228,-0.377909,18.5335,-2.61375,-16.7027,-9.58797,-4.8693,-0.434301
-16.9538,-9.46059,-4.87844,-0.171302,-17.1132,-9.43043,-16.9464,-9.60673,-4.87427,-0.315773
-17.211,-9.51628,-4.97458,-0.175077,20.1085,-2.57124,-17.1903,-9.61954,-4.87646,-0.196479
-17.4744,-9.53202,-5.00679,-0.0804614,-17.5448,-9.57485,-17.4342,-9.62636,-4.87583,-0.0765024
-17.7312,-9.52603,-4.96292,0.0602396,20.4243,-2.6638,-17.6781,-9.62717,-4.87232,0.0440703
-17.9846,-9.49028,-4.97038,0.239036,-17.9724,-9.42299,-17.9216,-9.62194,-4.86588,0.165151
-18.2229,-9.46064,-4.88422,0.391362,20.4843,-2.67648,-18.1648,-9.61064,-4.85648,0.286648
-18.4128,-9.50577,-4.76968,0.338043,-18.2763,-9.60997,-18.4074,-9.59325,-4.84408,0.40847
-18.6471,-9.4922,-4.82544,0.417854,20.6091,-2.65784,-18.6493,-9.56977,-4.82864,0.530522
-18.8987,-9.47853,-4.83696,0.503829,-18.9545,-9.51544,-18.8904,-9.54017,-4.81012,0.652707
-19.1252,-9.43922,-4.84336,0.619297,20.7641,-2.69174,-19.1305,-9.50447,-4.78851,0.774927
-19.3736,-9.31294,-4.83735,0.927836,-19.2983,-9.09865,-19.3694,-9.46265,-4.76378,0.897083
-19.603,-9.24481,-4.72879,1.08123,21.5791,-2.7216,-19.6069,-9.41472,-4.73591,1.01907
-19.8612,-9.11374,-4.73504,1.37094,-19.8731,-8.96417,-19.8431,-9.36071,-4.70487,1.1408
-20.0996,-9.01011,-4.70668,1.56755,21.7788,-2.78143,-20.0775,-9.30061,-4.67066,1.26215
-20.2523,-9.15676,-4.51196,1.15649,-20.1607,-9.59663,-20.3102,-9.23446,-4.63328,1.38303
-20.4928,-9.11619,-4.56469,1.21617,22.661,-2.69707,-20.5409,-9.16227,-4.59271,1.50334
-20.7166,-9.01226,-4.53317,1.39632,-20.6596,-8.91527,-20.7696,-9.08409,-4.54895,1.62296
-20.9625,-8.93361,-4.52685,1.51617,23.1722,-2.76598,-20.9959,-8.99994,-4.50202,1.74179
-21.1532,-8.86471,-4.42647,1.57905,-21.0195,-8.85081,-21.2198,-8.90987,-4.45191,1.85972
-21.3887,-8.78221,-4.39589,1.6824,23.5086,-2.76519,-21.4412,-8.81393,-4.39865,1.97666
-21.5745,-8.76004,-4.29472,1.62493,-21.5029,-8.87191,-21.6597,-8.71217,-4.34224,2.0925
-21.7578,-8.64038,-4.07787,1.76406,23.1693,-2.81593,-21.8754,-8.60465,-4.2827,2.20712
-21.9629,-8.5555,-4.04247,1.84352,-21.9793,-8.57089,-22.0881,-8.49143,-4.22007,2.32043
-22.1718,-8.44904,-4.0792,1.96967,23.4906,-2.80745,-22.2975,-8.37258,-4.15437,2.43232
-22.4162,-8.33702,-4.11442,2.1018,-22.5838,-8.35296,-22.5035,-8.24817,-4.08564,2.5427
-22.6024,-8.23187,-3.9982,2.17403,23.9093,-2.77466,-22.7061,-8.11829,-4.01391,2.65145
-22.8644,-7.96094,-4.04563,2.65454,-22.9861,-7.6724,-22.9049,-7.98301,-3.93923,2.75848
-23.0542,-7.82288,-3.84525,2.74321,24.7121,-2.79819,-23.1,-7.84243,-3.86163,2.8637
-23.2969,-7.6301,-3.85654,2.99754,-23.4777,-7.56583,-23.2911,-7.69663,-3.78118,2.967
-23.4981,-7.47716,-3.85818,3.1203,24.5005,-2.85095,-23.4781,-7.54572,-3.69792,3.06828
-23.6573,-7.34111,-3.71804,3.15434,-23.5408,-7.36069,-23.6609,-7.3898,-3.61191,3.16746
-23.8508,-7.17252,-3.67064,3.28176,24.9317,-2.87494,-23.8393,-7.22897,-3.52321,3.26445
-24.0002,-7.10012,-3.53232,3.14465,-23.9384,-7.26171,-24.0132,-7.06336,-3.43189,3.35916
-24.1684,-6.91989,-3.41128,3.26995,25.0718,-2.90236,-24.1825,-6.89307,-3.33801,3.45149
-24.3374,-6.64611,-3.31041,3.60747,-24.2574,-6.4352,-24.347,-6.71823,-3.24166,3.54138
-24.5069,-6.4734,-3.17813,3.66837,25.808,-2.85952,-24.5066,-6.53896,-3.14289,3.62873
-24.5868,-6.35823,-2.94487,3.55486,-24.3008,-6.43799,-24.6612,-6.35538,-3.0418,3.71347
-24.7257,-6.17491,-2.83788,3.64226,25.3337,-2.90212,-24.8107,-6.16764,-2.93846,3.79553
-24.9209,-5.95243,-2.83181,3.83769,-25.146,-5.91902,-24.955,-5.97587,-2.83295,3.87484
-25.0505,-5.74512,-2.71439,3.94562,25.3991,-2.94252,-25.094,-5.7802,-2.72537,3.95132
-25.181,-5.58049,-2.60386,3.93867,-25.1941,-5.64372,-25.2276,-5.58079,-2.61581,4.02492
-25.335,-5.38905,-2.5945,4.01823,26.1059,-2.93168,-25.3556,-5.37777,-2.50435,4.09557
-25.4855,-5.1518,-2.52712,4.17708,-25.5713,-5.10241,-25.4779,-5.1713,-2.39109,4.16322
-25.6127,-4.97384,-2.48696,4.18202,25.8634,-2.88519,-25.5946,-4.96152,-2.27613,4.22781
-25.7218,-4.81434,-2.36458,4.11695,-25.6952,-4.89995,-25.7055,-4.7486,-2.15956,4.2893
-25.843,-4.6049,-2.2963,4.188,26.1896,-2.97252,-25.8105,-4.53268,-2.04149,4.34764
-25.9588,-4.34778,-2.19685,4.35311,-25.9516,-4.26659,-25.9096,-4.31392,-1.92202,4.40279
-26.0755,-4.1305,-2.02225,4.37977,27.2593,-2.978,-26.0027,-4.0925,-1.80125,4.45471
-26.1709,-3.8265,-1.8849,4.62944,-26.1198,-3.67723,-26.0897,-3.86856,-1.67928,4.50337
-26.2487,-3.59036,-1.65746,4.66325,26.8438,-2.9974,-26.1706,-3.64227,-1.55623,4.54875
-26.2711,-3.32467,-1.4095,4.75968,-25.9974,-3.24722,-26.2453,-3.41381,-1.4322,4.59081
-26.3216,-3.07876,-1.19832,4.80379,26.4694,-3.0276,-26.3138,-3.18332,-1.30729,4.62954
-26.3402,-2.85735,-0.987968,4.7752,-26.1741,-2.87885,-26.376,-2.95098,-1.18162,4.66493
-26.3974,-2.63409,-0.872952,4.77124,26.6919,-3.01199,-26.4319,-2.71697,-1.05529,4.69696
-26.4731,-2.51773,-0.818133,4.51495,-26.674,-2.73852,-26.4815,-2.48143,-0.928411,4.72562
-26.5268,-2.2851,-0.733965,4.56246,26.7127,-3.07702,-26.5247,-2.24456,-0.80109,4.75091
-26.5775,-2.09828,-0.640413,4.48722,-26.6691,-2.17333,-26.5616,-2.0065,-0.673434,4.77284
-26.6047,-1.8661,-0.537214,4.52452,26.358,-3.09139,-26.5921,-1.76744,-0.545553,4.79141
-26.6014,-1.60162,-0.356934,4.6203,-26.4671,-1.53207,-26.6161,-1.52753,-0.417552,4.80664
-26.5997,-1.38155,-0.17299,4.59536,26.5906,-3.05894,-26.6338,-1.28695,-0.289538,4.81852
-26.6041,-1.1485,-0.0360698,4.60626,-26.5998,-1.14277,-26.6451,-1.04586,-0.161616,4.8271
-26.6355,-0.932029,0.0294424,4.58176,27.2525,-3.08003,-26.65,-0.804425,-0.0338883,4.83238
-26.6498,-0.662187,0.136866,4.68383,-26.7355,-0.59539,-26.6485,-0.562811,0.0935412,4.83439
-26.6405,-0.418241,0.30385,4.70629,26.9891,-3.14289,-26.6406,-0.321181,0.220572,4.83317
-26.5932,-0.092415,0.522271,4.90623,-26.4553,0.0602653,-26.6264,-0.0796947,0.347104,4.82874
-26.5756,0.153407,0.659209,4.89762,26.9541,3.13651,-26.6059,0.161489,0.473041,4.82116
-26.5531,0.464832,0.800188,5.04177,-26.6201,0.57588,-26.5792,0.402213,0.598287,4.81045
-26.54,0.708957,0.851269,5.00026,26.8268,3.12737,-26.5462,0.642323,0.722748,4.79667
-26.5353,0.99547,0.922529,5.07417,-26.7293,1.06082,-26.5069,0.881666,0.846334,4.77986
-26.4911,1.27036,0.993535,5.09273,26.0865,3.0416,-26.4616,1.12009,0.968955,4.76007
-26.4321,1.48625,1.12462,4.97294,-26.3986,1.42212,-26.4101,1.35745,1.09053,4.73737
-26.3931,1.69559,1.17278,4.84575,26.5132,3.16286,-26.3526,1.59361,1.21096,4.71181
-26.3385,1.88276,1.26444,4.68573,-26.3594,1.79315,-26.2891,1.82841,1.33018,4.68345
-26.2718,2.11148,1.38845,4.64378,26.4109,3.07231,-26.2197,2.06173,1.44811,4.65235
-26.2115,2.28284,1.46381,4.46592,-26.2502,2.18481,-26.1444,2.29342,1.56467,4.61859
-26.1475,2.49971,1.51654,4.4031,26.1685,3.05439,-26.0633,2.52336,1.67979,4.58223
-26.0663,2.7517,1.63833,4.44327,-26.0641,2.80701,-25.9765,2.75141,1.79339,4.54334
-25.9768,2.9752,1.80767,4.42424,26.4965,3.02722,-25.8841,2.97746,1.90543,4.502
-25.8692,3.27961,1.97453,4.57654,-25.8345,3.42005,-25.7861,3.20139,2.01582,4.45828
-25.7882,3.51257,2.05213,4.54228,26.4473,2.99994,-25.6826,3.42306,2.12452,4.41227
-25.683,3.70072,2.14977,4.4012,-25.6666,3.63509,-25.5737,3.64239,2.23146,4.36404
-25.567,3.90513,2.27249,4.31433,25.7684,3.0197,-25.4596,3.85924,2.3366,4.31367
-25.5091,4.06578,2.25501,4.13498,-25.7492,3.99968,-25.3402,4.07353,2.43989,4.26125
-25.3866,4.26153,2.37451,4.05788,25.6284,2.99447,-25.2157,4.28514,2.54127,4.20686
-25.2185,4.49537,2.57402,4.06879,-25.0214,4.52803,-25.0863,4.49399,2.64071,4.15058
-25.0633,4.68572,2.67039,3.95692,24.6515,2.96589,-24.9518,4.69998,2.73817,4.09251
-24.9475,4.87874,2.7319,3.88281,-25.0363,4.88499,-24.8126,4.90303,2.83361,4.03273
-24.7899,5.06678,2.85277,3.79878,24.8606,2.94075,-24.6686,5.10304,2.92701,3.97132
-24.6149,5.29602,3.02082,3.81829,-24.5041,5.35293,-24.5201,5.29995,3.01833,3.90839
-24.4438,5.47953,3.19494,3.73999,24.9946,2.93014,-24.367,5.49367,3.10754,3.84401
-24.2531,5.65289,3.3412,3.62417,-24.1159,5.61152,-24.2095,5.68414,3.19464,3.77827
-24.091,5.81345,3.44554,3.50002,25.0204,2.95025,-24.0477,5.8713,3.27959,3.71127
-23.9184,5.97116,3.53009,3.37012,-23.9153,5.94377,-23.8818,6.05508,3.36239,3.64309
-23.7745,6.14272,3.41997,3.2441,24.4151,2.87445,-23.7117,6.23542,3.44302,3.57383
-23.611,6.29646,3.48141,3.14246,-23.6471,6.29102,-23.5377,6.41227,3.52148,3.50357
-23.4666,6.45607,3.44778,3.04729,24.6376,2.87303,-23.3598,6.58559,3.59775,3.4324
-23.2254,6.70972,3.68441,3.19706,-23.0099,6.86182,-23.1781,6.75533,3.67185,3.36041
-23.0305,6.8433,3.72908,3.04657,23.4984,2.89476,-22.9928,6.92146,3.74376,3.28768
-22.8111,7.02538,3.87066,3.0314,-22.6991,7.063,-22.804,7.08393,3.8135,3.21431
-22.5987,7.16283,3.98778,2.91674,23.4155,2.84865,-22.6117,7.24273,3.88106,3.14038
-22.4192,7.30321,4.01408,2.81502,-22.5083,7.31524,-22.4161,7.39782,3.94647,3.06598
-22.1874,7.4451,4.23905,2.74371,23.4113,2.79945,-22.2173,7.54917,4.00974,2.99118
-22.0112,7.60642,4.24464,2.70138,-22.1947,7.69478,-22.0154,7.69679,4.07087,2.91607
-21.8271,7.77512,4.16621,2.66701,23.43,2.74571,-21.8105,7.84064,4.12989,2.84074
-21.6216,7.91606,4.21965,2.59719,-21.6473,7.94,-21.6026,7.98072,4.18681,2.76526
-21.4355,8.04377,4.19398,2.49994,23.2089,2.79945,-21.392,8.11703,4.24166,2.68971
-21.2177,8.062,4.21486,2.17884,-21.0853,7.83229,-21.1787,8.24957,4.29447,2.61417
-21.0296,8.19808,4.09645,2.1218,22.551,2.71718,-20.9628,8.37833,4.34526,2.53871
-20.8571,8.35665,4.09969,2.14842,-21.0519,8.50983,-20.7444,8.50333,4.39406,2.46341
-20.611,8.47619,4.30077,2.10931,22.036,2.70046,-20.5237,8.62457,4.4409,2.38835
-20.3498,8.62796,4.44809,2.13045,-20.21,8.68914,-20.3006,8.74206,4.48582,2.31358
-20.1566,8.74628,4.32882,2.06346,22.0803,2.72903,-20.0753,8.85583,4.52884,2.23919
-19.9641,8.8456,4.31812,1.9766,-20.0633,8.86724,-19.848,8.96589,4.57001,2.16524
-19.7726,8.94686,4.22379,1.8977,21.7757,2.72649,-19.6186,9.07227,4.60937,2.09179
-19.5504,9.02155,4.26959,1.78563,-19.4861,8.96665,-19.3873,9.17499,4.64694,2.01891
-19.3072,9.13195,4.39923,1.76438,21.1919,2.63907,-19.1542,9.27409,4.68278,1.94666
-19.0016,9.23928,4.60424,1.73873,-18.6786,9.19191,-18.9193,9.36959,4.71692,1.8751
-18.7908,9.3191,4.59186,1.64409,21.2718,2.70567,-18.6827,9.46154,4.7494,1.80429
-18.5262,9.43173,4.70013,1.6374,-18.4242,9.46852,-18.4446,9.54996,4.78028,1.73429
-18.2554,9.47424,4.89325,1.46609,20.15,2.6938,-18.2049,9.63492,4.80959,1.66514
-17.9448,9.62083,5.0791,1.54951,-17.7736,9.72478,-17.9639,9.71643,4.83737,1.59691
-17.6958,9.71624,4.99055,1.5162,19.9101,2.61668,-17.7214,9.79457,4.86368,1.52964
-17.4161,9.82737,5.08628,1.5242,-17.3436,9.88109,-17.4777,9.86936,4.88856,1.46338
-17.165,9.91292,5.10129,1.47171,19.9648,2.60466,-17.2328,9.94087,4.91205,1.39818
-16.8918,10.0376,5.17599,1.519,-16.8876,10.145,-16.9868,10.0091,4.93421,1.33408
-16.6325,10.1125,5.19082,1.44878,19.4316,2.59454,-16.7396,10.0743,4.95507,1.27113
-16.3952,10.2112,5.17503,1.43657,-16.5153,10.3091,-16.4915,10.1362,4.97469,1.20937
-16.1331,10.2889,5.22226,1.38225,19.2581,2.55982,-16.2424,10.1952,4.99311,1.14883
-15.9178,10.2915,5.1218,1.16172,-16.006,10.1843,-15.9924,10.2511,5.01039,1.08956
-15.6713,10.3549,5.08869,1.10554,18.8573,2.55678,-15.7416,10.3041,5.02655,1.03159
-15.4718,10.3288,4.95691,0.858782,-15.5699,10.1904,-15.4899,10.3543,5.04166,0.974957
-15.1596,10.3718,5.22805,0.76875,17.9383,2.48774,-15.2376,10.4016,5.05576,0.919692
-14.9019,10.4242,5.23952,0.715057,-14.9365,10.4722,-14.9846,10.4462,5.06889,0.865828
-14.6658,10.4451,5.05289,0.627489,17.5963,2.56215,-14.7309,10.4882,5.0811,0.813394
-14.4338,10.4009,4.9862,0.394203,-14.4088,10.222,-14.4766,10.5276,5.09243,0.762418
-14.1746,10.4221,5.00545,0.317631,17.4348,2.49358,-14.2218,10.5645,5.10293,0.712926
-13.8527,10.5908,5.21448,0.569249,-13.8049,10.9383,-13.9665,10.5989,5.11263,0.664944
-13.6032,10.6424,5.09745,0.579007,17.1981,2.46371,-13.7107,10.631,5.12159,0.618496
-13.3604,10.6358,5.0675,0.442817,-13.3556,10.5517,-13.4545,10.6608,5.12983,0.573603
-13.0984,10.6604,5.10484,0.384616,16.8616,2.44537,-13.1979,10.6884,5.13741,0.530288
-12.8437,10.7614,5.13705,0.497679,-12.9591,11.0099,-12.9409,10.7138,5.14436,0.48857
-12.5798,10.81,5.1331,0.507118,16.633,2.39881,-12.6836,10.7373,5.15071,0.448467
-12.3553,10.7677,5.04662,0.308196,-12.3713,10.6091,-12.426,10.7587,5.15651,0.409997
-12.1051,10.7961,4.99882,0.294916,16.1744,2.40076,-12.1681,10.7783,5.16179,0.373177
-11.8575,10.8678,5.01772,0.361547,-11.9451,11.0515,-11.91,10.7961,5.16658,0.338022
-11.5776,10.8875,5.08418,0.326219,15.5125,2.35632,-11.6516,10.8121,5.17092,0.304546
-11.355,10.9015,5.01974,0.269525,-11.4548,10.9407,-11.393,10.8265,5.17484,0.272761
-11.0796,10.8531,5.26801,0.0150396,15.4675,2.39443,-11.1342,10.8394,5.17836,0.242681
-10.7733,10.8265,5.34947,-0.104232,-10.6009,10.6823,-10.8753,10.8509,5.18153,0.214317
-10.5174,10.8251,5.3024,-0.155002,15.1985,2.34779,-10.6161,10.8609,5.18435,0.187679
-10.2916,10.8171,5.21608,-0.225451,-10.4142,10.8747,-10.3569,10.8697,5.18687,0.162776
-10.0548,10.8591,5.00461,-0.113788,14.9701,2.29374,-10.0976,10.8772,5.1891,0.139618
-9.79131,10.9138,5.0539,-0.0389548,-9.83445,11.1032,-9.83809,10.8837,5.19106,0.118212
-9.57393,10.8853,4.96014,-0.139956,14.5278,2.34866,-9.57852,10.8891,5.19278,0.0985664
-9.30741,10.9181,5.01401,-0.102773,-9.3066,11.0348,-9.31887,10.8936,5.19428,0.0806865
-9.07052,10.8896,4.95047,-0.182781,13.8648,2.29853,-9.05915,10.8972,5.19557,0.0645787
-8.7977,10.9287,5.02209,-0.12415,-8.78899,11.0707,-8.79937,10.9001,5.19667,0.050248
-8.5673,10.8778,4.95359,-0.252456,13.3705,2.29307,-8.53953,10.9023,5.19759,0.0376992
-8.42364,10.7912,4.68902,-0.447434,-8.62045,10.6577,-8.27965,10.9039,5.19835,0.0269359
-8.18195,10.7953,4.66378,-0.424726,13.646,2.18959,-8.01974,10.905,5.19896,0.0179617
-7.80643,10.8591,5.00537,-0.27866,-7.51971,11.0005,-7.75979,10.9057,5.19942,0.0107791
-7.54771,10.8539,4.96168,-0.25709,12.8856,2.1693,-7.49981,10.9061,5.19975,0.00539029
-7.25947,10.8458,5.05285,-0.2674,-7.15631,10.815,-7.23983,10.9063,5.19994,0.00179692
